pageid,title,category
33547387,Category:Applied machine learning,machine learning
42936114,Category:Artificial neural networks,machine learning
1718975,Category:Bayesian networks,machine learning
1991254,Category:Classification algorithms,machine learning
22532673,Category:Cluster analysis,machine learning
34310097,Category:Computational learning theory,machine learning
12932492,Category:Artificial intelligence conferences,machine learning
33542714,Category:Data mining and machine learning software,machine learning
42320378,Category:Datasets in machine learning,machine learning
29549713,Category:Dimension reduction,machine learning
3985352,Category:Ensemble learning,machine learning
754055,Category:Evolutionary algorithms,machine learning
3061615,Category:Genetic programming,machine learning
29003796,Category:Inductive logic programming,machine learning
12535256,Category:Kernel methods for machine learning,machine learning
20924581,Category:Latent variable models,machine learning
19314112,Category:Learning in computer vision,machine learning
36407925,Category:Log-linear models,machine learning
28004586,Category:Loss functions,machine learning
33547228,Category:Machine learning algorithms,machine learning
44943481,Category:Machine learning portal,machine learning
47991509,Category:Machine learning task,machine learning
24059390,Category:Markov models,machine learning
3832584,Category:Machine learning researchers,machine learning
52763829,Category:Semisupervised learning,machine learning
11737376,Category:Statistical natural language processing,machine learning
40149461,Category:Structured prediction,machine learning
52763867,Category:Supervised learning,machine learning
31176997,Category:Support vector machines,machine learning
52763828,Category:Unsupervised learning,machine learning
49119651,Category:Deep learning,Artificial neural networks
3735046,Category:Neural network software,Artificial neural networks
17594154,Category:Decision trees,Classification algorithms
15325165,Category:Cluster analysis algorithms,Cluster analysis
30033882,Category:Clustering criteria,Cluster analysis
38708030,Category:Social network analysis software,Data mining and machine learning software
16215923,Category:Datasets in computer vision,Datasets in machine learning
36425555,Category:Factor analysis,Dimension reduction
37176176,Category:Gene expression programming,Evolutionary algorithms
868737,Category:Genetic algorithms,Evolutionary algorithms
51088850,Category:Nature-inspired metaheuristics,Evolutionary algorithms
29967998,Category:Structural equation models,Latent variable models
31813917,Category:Hidden Markov models,Markov models
22718453,Category:Markov networks,Markov models
42452485,Category:Language modeling,Statistical natural language processing
22691076,Category:Graphical models,Structured prediction
15358447,Category:Artificial immune systems,Genetic algorithms
30174957,Category:Causal inference,Graphical models
